<?xml version='1.0' encoding='UTF-8'?>
<cell>
  <label>FGCC_FC2DC_600_390</label>
  <pin>
    <type>waveguide</type>
    <label>waveguide_1</label>
    <position>
      <x>20.283</x>
      <y>20.283</y>
      <unit>um</unit>
    </position>
    <angle>
      <value>45.0</value>
      <unit>degree</unit>
    </angle>
    <wg_definition>SWGCTE_WG_450</wg_definition>
  </pin>
  <pin>
    <type>waveguide</type>
    <label>waveguide_2</label>
    <position>
      <x>20.283</x>
      <y>-20.283</y>
      <unit>um</unit>
    </position>
    <angle>
      <value>315.0</value>
      <unit>degree</unit>
    </angle>
    <wg_definition>SWGCTE_WG_450</wg_definition>
  </pin>
  <pin>
    <type>grating_coupler</type>
    <label>grating_coupler</label>
    <position>
      <x>0.0</x>
      <y>0.0</y>
      <unit>um</unit>
    </position>
    <angle>
      <value>180.0</value>
      <unit>degree</unit>
    </angle>
    <vertical_angle_in_air>
      <value>10.0</value>
      <unit>degree</unit>
    </vertical_angle_in_air>
    <vertical_angle_in_oxide>
      <value>6.91</value>
      <unit>degree</unit>
    </vertical_angle_in_oxide>
    <grating_name>FGCC_FC2DC_600_390</grating_name>
  </pin>
</cell>
