<?xml version='1.0' encoding='UTF-8'?>
<cell>
  <label>FGCCTE_FCWFC1DC_630_378</label>
  <pin>
    <type>waveguide</type>
    <label>waveguide</label>
    <position>
      <x>30.4</x>
      <y>0.0</y>
      <unit>um</unit>
    </position>
    <angle>
      <value>0.0</value>
      <unit>degree</unit>
    </angle>
    <wg_definition>SWGCTE_WG_450</wg_definition>
  </pin>
  <pin>
    <type>grating_coupler</type>
    <label>grating_coupler</label>
    <position>
      <x>0.0</x>
      <y>0.0</y>
      <unit>um</unit>
    </position>
    <angle>
      <value>180.0</value>
      <unit>degree</unit>
    </angle>
    <vertical_angle_in_air>
      <value>10.0</value>
      <unit>degree</unit>
    </vertical_angle_in_air>
    <vertical_angle_in_oxide>
      <value>6.91</value>
      <unit>degree</unit>
    </vertical_angle_in_oxide>
    <grating_name>FGCCTE_FCWFC1DC_630_378</grating_name>
  </pin>
</cell>
