<?xml version='1.0' encoding='UTF-8'?>
<cell>
  <label>SWGOTE_WGNPLUS_380_600_200k</label>
  <pin>
    <type>waveguide</type>
    <label>in</label>
    <position>
      <x>-2.15</x>
      <y>0.0</y>
      <unit>um</unit>
    </position>
    <angle>
      <value>180.0</value>
      <unit>degree</unit>
    </angle>
    <wg_definition>SWGOTE_WG_380</wg_definition>
  </pin>
  <pin>
    <type>waveguide</type>
    <label>out</label>
    <position>
      <x>202.15</x>
      <y>0.0</y>
      <unit>um</unit>
    </position>
    <angle>
      <value>0.0</value>
      <unit>degree</unit>
    </angle>
    <wg_definition>SWGOTE_WG_380</wg_definition>
  </pin>
  <pin>
    <type>contact</type>
    <label>west_1_M1</label>
    <position>
      <x>-2.15</x>
      <y>1.39</y>
      <unit>um</unit>
    </position>
    <angle>
      <value>180.0</value>
      <unit>degree</unit>
    </angle>
    <layer>M1</layer>
  </pin>
  <pin>
    <type>contact</type>
    <label>west_0_M1</label>
    <position>
      <x>-2.15</x>
      <y>-1.39</y>
      <unit>um</unit>
    </position>
    <angle>
      <value>180.0</value>
      <unit>degree</unit>
    </angle>
    <layer>M1</layer>
  </pin>
  <pin>
    <type>contact</type>
    <label>east_1_M1</label>
    <position>
      <x>202.15</x>
      <y>1.39</y>
      <unit>um</unit>
    </position>
    <angle>
      <value>0.0</value>
      <unit>degree</unit>
    </angle>
    <layer>M1</layer>
  </pin>
  <pin>
    <type>contact</type>
    <label>east_0_M1</label>
    <position>
      <x>202.15</x>
      <y>-1.39</y>
      <unit>um</unit>
    </position>
    <angle>
      <value>0.0</value>
      <unit>degree</unit>
    </angle>
    <layer>M1</layer>
  </pin>
</cell>
