<?xml version='1.0' encoding='UTF-8'?>
<cell>
  <label>XCTE_FCWG_764_2080</label>
  <pin>
    <type>waveguide</type>
    <label>north</label>
    <position>
      <x>0.0</x>
      <y>4.85</y>
      <unit>um</unit>
    </position>
    <angle>
      <value>90.0</value>
      <unit>degree</unit>
    </angle>
    <wg_definition>SWGCTE_WG_450</wg_definition>
  </pin>
  <pin>
    <type>waveguide</type>
    <label>east</label>
    <position>
      <x>4.85</x>
      <y>0.0</y>
      <unit>um</unit>
    </position>
    <angle>
      <value>0.0</value>
      <unit>degree</unit>
    </angle>
    <wg_definition>SWGCTE_WG_450</wg_definition>
  </pin>
  <pin>
    <type>waveguide</type>
    <label>south</label>
    <position>
      <x>0.0</x>
      <y>-4.85</y>
      <unit>um</unit>
    </position>
    <angle>
      <value>270.0</value>
      <unit>degree</unit>
    </angle>
    <wg_definition>SWGCTE_WG_450</wg_definition>
  </pin>
  <pin>
    <type>waveguide</type>
    <label>west</label>
    <position>
      <x>-4.85</x>
      <y>0.0</y>
      <unit>um</unit>
    </position>
    <angle>
      <value>180.0</value>
      <unit>degree</unit>
    </angle>
    <wg_definition>SWGCTE_WG_450</wg_definition>
  </pin>
</cell>
