<?xml version='1.0' encoding='UTF-8'?>
<cell>
  <label>M12OTE_FC_4500_25600</label>
  <pin>
    <type>waveguide</type>
    <label>in</label>
    <position>
      <x>-31.0</x>
      <y>0.0</y>
      <unit>um</unit>
    </position>
    <angle>
      <value>180.0</value>
      <unit>degree</unit>
    </angle>
    <wg_definition>SWGOTE_WG_380</wg_definition>
  </pin>
  <pin>
    <type>waveguide</type>
    <label>out_0</label>
    <position>
      <x>56.6</x>
      <y>-1.225</y>
      <unit>um</unit>
    </position>
    <angle>
      <value>0.0</value>
      <unit>degree</unit>
    </angle>
    <wg_definition>SWGOTE_WG_380</wg_definition>
  </pin>
  <pin>
    <type>waveguide</type>
    <label>out_1</label>
    <position>
      <x>56.6</x>
      <y>1.225</y>
      <unit>um</unit>
    </position>
    <angle>
      <value>0.0</value>
      <unit>degree</unit>
    </angle>
    <wg_definition>SWGOTE_WG_380</wg_definition>
  </pin>
</cell>
