<?xml version='1.0' encoding='UTF-8'?>
<cell>
  <label>M22CTE_FC_5000_99800</label>
  <pin>
    <type>waveguide</type>
    <label>in_0</label>
    <position>
      <x>-31.0</x>
      <y>-1.325</y>
      <unit>um</unit>
    </position>
    <angle>
      <value>180.0</value>
      <unit>degree</unit>
    </angle>
    <wg_definition>SWGCTE_WG_450</wg_definition>
  </pin>
  <pin>
    <type>waveguide</type>
    <label>in_1</label>
    <position>
      <x>-31.0</x>
      <y>1.325</y>
      <unit>um</unit>
    </position>
    <angle>
      <value>180.0</value>
      <unit>degree</unit>
    </angle>
    <wg_definition>SWGCTE_WG_450</wg_definition>
  </pin>
  <pin>
    <type>waveguide</type>
    <label>out_0</label>
    <position>
      <x>130.8</x>
      <y>-1.325</y>
      <unit>um</unit>
    </position>
    <angle>
      <value>0.0</value>
      <unit>degree</unit>
    </angle>
    <wg_definition>SWGCTE_WG_450</wg_definition>
  </pin>
  <pin>
    <type>waveguide</type>
    <label>out_1</label>
    <position>
      <x>130.8</x>
      <y>1.325</y>
      <unit>um</unit>
    </position>
    <angle>
      <value>0.0</value>
      <unit>degree</unit>
    </angle>
    <wg_definition>SWGCTE_WG_450</wg_definition>
  </pin>
</cell>
