<?xml version='1.0' encoding='UTF-8'?>
<cell>
  <label>RMOTE_SKPNLA_5000_450_140</label>
  <pin>
    <type>waveguide</type>
    <label>o1</label>
    <position>
      <x>-26.345</x>
      <y>-5.590</y>
      <unit>um</unit>
    </position>
    <angle>
      <value>180.0</value>
      <unit>degree</unit>
    </angle>
    <wg_definition>SWGOTE_WG_380</wg_definition>
  </pin>
  <pin>
    <type>waveguide</type>
    <label>o2</label>
    <position>
      <x>26.345</x>
      <y>-5.590</y>
      <unit>um</unit>
    </position>
    <angle>
      <value>0.0</value>
      <unit>degree</unit>
    </angle>
    <wg_definition>SWGOTE_WG_380</wg_definition>
  </pin>
  <pin>
    <type>contact</type>
    <label>cathode</label>
    <position>
      <x>-7.600</x>
      <y>-12.125</y>
      <unit>um</unit>
    </position>
    <angle>
      <value>-90</value>
      <unit>degree</unit>
    </angle>
    <layer>M1</layer>
  </pin>
  <pin>
    <type>contact</type>
    <label>anode</label>
    <position>
      <x>2.250</x>
      <y>-12.125</y>
      <unit>um</unit>
    </position>
    <angle>
      <value>-90</value>
      <unit>degree</unit>
    </angle>
    <layer>M1</layer>
  </pin>
  <pin>
    <type>contact</type>
    <label>h1</label>
    <position>
      <x>-20.220</x>
      <y>-4.590</y>
      <unit>um</unit>
    </position>
    <angle>
      <value>180</value>
      <unit>degree</unit>
    </angle>
    <layer>M2</layer>
  </pin>
  <pin>
    <type>contact</type>
    <label>h2</label>
    <position>
      <x>20.220</x>
      <y>-4.590</y>
      <unit>um</unit>
    </position>
    <angle>
      <value>0</value>
      <unit>degree</unit>
    </angle>
    <layer>M2</layer>
  </pin>
</cell>
