<?xml version='1.0' encoding='UTF-8'?>
<cell>
  <label>PSDOTE_SKPNLA_500</label>
  <pin>
    <type>waveguide</type>
    <label>in</label>
    <position>
      <x>-256.0</x>
      <y>0.0</y>
      <unit>um</unit>
    </position>
    <angle>
      <value>180.0</value>
      <unit>degree</unit>
    </angle>
    <wg_definition>SWGOTE_WG_380</wg_definition>
  </pin>
  <pin>
    <type>waveguide</type>
    <label>out</label>
    <position>
      <x>286.0</x>
      <y>0.0</y>
      <unit>um</unit>
    </position>
    <angle>
      <value>0.0</value>
      <unit>degree</unit>
    </angle>
    <wg_definition>SWGOTE_WG_380</wg_definition>
  </pin>
  <pin>
    <type>contact</type>
    <label>anode1</label>
    <position>
      <x>115.0</x>
      <y>11.7</y>
      <unit>um</unit>
    </position>
    <angle>
      <value>90.0</value>
      <unit>degree</unit>
    </angle>
    <layer>M1</layer>
  </pin>
  <pin>
    <type>contact</type>
    <label>cathode</label>
    <position>
      <x>15.0</x>
      <y>11.7</y>
      <unit>um</unit>
    </position>
    <angle>
      <value>90.0</value>
      <unit>degree</unit>
    </angle>
    <layer>M1</layer>
  </pin>
  <pin>
    <type>contact</type>
    <label>anode2</label>
    <position>
      <x>-85.0</x>
      <y>11.7</y>
      <unit>um</unit>
    </position>
    <angle>
      <value>90.0</value>
      <unit>degree</unit>
    </angle>
    <layer>M1</layer>
  </pin>
</cell>
