<?xml version='1.0' encoding='UTF-8'?>
<cell>
  <label>GPDCTE_SVPINCFCWT_2000_15200_600</label>
  <pin>
    <type>waveguide</type>
    <label>in_1</label>
    <position>
      <x>-37.85</x>
      <y>0.0</y>
      <unit>um</unit>
    </position>
    <angle>
      <value>180.0</value>
      <unit>degree</unit>
    </angle>
    <wg_definition>SWGCTE_WG_450</wg_definition>
  </pin>
  <pin>
    <type>waveguide</type>
    <label>in_2</label>
    <position>
      <x>37.85</x>
      <y>0.0</y>
      <unit>um</unit>
    </position>
    <angle>
      <value>0.0</value>
      <unit>degree</unit>
    </angle>
    <wg_definition>SWGCTE_WG_450</wg_definition>
  </pin>
  <pin>
    <type>contact</type>
    <label>cathode</label>
    <position>
      <x>-13.45</x>
      <y>0.0</y>
      <unit>um</unit>
    </position>
    <angle>
      <value>180.0</value>
      <unit>degree</unit>
    </angle>
    <layer>M1</layer>
  </pin>
  <pin>
    <type>contact</type>
    <label>anode</label>
    <position>
      <x>13.649</x>
      <y>0.0</y>
      <unit>um</unit>
    </position>
    <angle>
      <value>0.0</value>
      <unit>degree</unit>
    </angle>
    <layer>M1</layer>
  </pin>
</cell>
