<?xml version='1.0' encoding='UTF-8'?>
<cell>
  <label>GPDOTE_SVPINDFCWT_2000_13700_900</label>
  <pin>
    <type>waveguide</type>
    <label>in_1</label>
    <position>
      <x>-37.1</x>
      <y>0.0</y>
      <unit>um</unit>
    </position>
    <angle>
      <value>180.0</value>
      <unit>degree</unit>
    </angle>
    <wg_definition>SWGOTE_WG_380</wg_definition>
  </pin>
  <pin>
    <type>waveguide</type>
    <label>in_2</label>
    <position>
      <x>37.1</x>
      <y>0.0</y>
      <unit>um</unit>
    </position>
    <angle>
      <value>0.0</value>
      <unit>degree</unit>
    </angle>
    <wg_definition>SWGOTE_WG_380</wg_definition>
  </pin>
  <pin>
    <type>contact</type>
    <label>cathode</label>
    <position>
      <x>-12.7</x>
      <y>0.0</y>
      <unit>um</unit>
    </position>
    <angle>
      <value>180.0</value>
      <unit>degree</unit>
    </angle>
    <layer>M1</layer>
  </pin>
  <pin>
    <type>contact</type>
    <label>anode</label>
    <position>
      <x>12.899</x>
      <y>0.0</y>
      <unit>um</unit>
    </position>
    <angle>
      <value>0.0</value>
      <unit>degree</unit>
    </angle>
    <layer>M1</layer>
  </pin>
</cell>
