<?xml version='1.0' encoding='UTF-8'?>
<cell>
  <label>GPDOTE_SVPINCFCT_1000_15400_600</label>
  <pin>
    <type>waveguide</type>
    <label>in_1</label>
    <position>
      <x>-37.95</x>
      <y>0.0</y>
      <unit>um</unit>
    </position>
    <angle>
      <value>180.0</value>
      <unit>degree</unit>
    </angle>
    <wg_definition>SWGOTE_WG_380</wg_definition>
  </pin>
  <pin>
    <type>waveguide</type>
    <label>in_2</label>
    <position>
      <x>37.95</x>
      <y>0.0</y>
      <unit>um</unit>
    </position>
    <angle>
      <value>0.0</value>
      <unit>degree</unit>
    </angle>
    <wg_definition>SWGOTE_WG_380</wg_definition>
  </pin>
  <pin>
    <type>contact</type>
    <label>cathode</label>
    <position>
      <x>-13.55</x>
      <y>0.0</y>
      <unit>um</unit>
    </position>
    <angle>
      <value>180.0</value>
      <unit>degree</unit>
    </angle>
    <layer>M1</layer>
  </pin>
  <pin>
    <type>contact</type>
    <label>anode</label>
    <position>
      <x>13.75</x>
      <y>0.0</y>
      <unit>um</unit>
    </position>
    <angle>
      <value>0.0</value>
      <unit>degree</unit>
    </angle>
    <layer>M1</layer>
  </pin>
</cell>
