<?xml version='1.0' encoding='UTF-8'?>
<cell>
  <pin>
    <type>contact</type>
    <label>pad_0_M2</label>
    <position>
      <x>50.0</x>
      <y>0.0</y>
      <unit>um</unit>
    </position>
    <angle>
      <value>0</value>
      <unit>degree</unit>
    </angle>
    <layer>M2</layer>
  </pin>
  <pin>
    <type>contact</type>
    <label>pad_0_M1</label>
    <position>
      <x>50.0</x>
      <y>0.0</y>
      <unit>um</unit>
    </position>
    <angle>
      <value>0</value>
      <unit>degree</unit>
    </angle>
    <layer>M1</layer>
  </pin>
  <pin>
    <type>contact</type>
    <label>pad_0_PASS2</label>
    <position>
      <x>50.0</x>
      <y>0.0</y>
      <unit>um</unit>
    </position>
    <angle>
      <value>0</value>
      <unit>degree</unit>
    </angle>
    <layer>PASS2</layer>
  </pin>
  <pin>
    <type>contact</type>
    <label>pad_1_M2</label>
    <position>
      <x>-50.0</x>
      <y>0.0</y>
      <unit>um</unit>
    </position>
    <angle>
      <value>0</value>
      <unit>degree</unit>
    </angle>
    <layer>M2</layer>
  </pin>
  <pin>
    <type>contact</type>
    <label>pad_1_M1</label>
    <position>
      <x>-50.0</x>
      <y>0.0</y>
      <unit>um</unit>
    </position>
    <angle>
      <value>0</value>
      <unit>degree</unit>
    </angle>
    <layer>M1</layer>
  </pin>
  <pin>
    <type>contact</type>
    <label>pad_1_PASS2</label>
    <position>
      <x>-50.0</x>
      <y>0.0</y>
      <unit>um</unit>
    </position>
    <angle>
      <value>0</value>
      <unit>degree</unit>
    </angle>
    <layer>PASS2</layer>
  </pin>
</cell>
