<?xml version='1.0' encoding='UTF-8'?>
<cell>
  <label>GPDCTE_GSLPINCFCWT_500_81600_350</label>
  <pin>
    <type>waveguide</type>
    <label>In_1</label>
    <position>
      <x>-91.05</x>
      <y>0.0</y>
      <unit>um</unit>
    </position>
    <angle>
      <value>180.0</value>
      <unit>degree</unit>
    </angle>
    <wg_definition>SWGCTE_WG_450</wg_definition>
  </pin>
  <pin>
    <type>waveguide</type>
    <label>In_2</label>
    <position>
      <x>91.05</x>
      <y>0.0</y>
      <unit>um</unit>
    </position>
    <angle>
      <value>0.0</value>
      <unit>degree</unit>
    </angle>
    <wg_definition>SWGCTE_WG_450</wg_definition>
  </pin>
  <pin>
    <type>contact</type>
    <label>cathode</label>
    <position>
      <x>-41.65</x>
      <y>3.7</y>
      <unit>um</unit>
    </position>
    <angle>
      <value>180.0</value>
      <unit>degree</unit>
    </angle>
    <layer>M1</layer>
  </pin>
  <pin>
    <type>contact</type>
    <label>anode</label>
    <position>
      <x>41.65</x>
      <y>-3.7</y>
      <unit>um</unit>
    </position>
    <angle>
      <value>0.0</value>
      <unit>degree</unit>
    </angle>
    <layer>M1</layer>
  </pin>
</cell>
