<?xml version='1.0' encoding='UTF-8'?>
<cell>
  <label>TRACTE_WGFC_450_650</label>
  <pin>
    <type>waveguide</type>
    <label>WG</label>
    <position>
      <x>0.0</x>
      <y>0.0</y>
      <unit>um</unit>
    </position>
    <angle>
      <value>180.0</value>
      <unit>degree</unit>
    </angle>
    <wg_definition>SWGCTE_WG_450</wg_definition>
  </pin>
  <pin>
    <type>waveguide</type>
    <label>FC</label>
    <position>
      <x>20.1</x>
      <y>0.0</y>
      <unit>um</unit>
    </position>
    <angle>
      <value>0.0</value>
      <unit>degree</unit>
    </angle>
    <wg_definition>RWGCTE_FC_650</wg_definition>
  </pin>
</cell>
